{
  "model": "rouge",
  "evaluation_type": "example_level",
  "task_metrics": {
    "Summary": {
      "metrics": {
        "supported": {
          "precision": 0.8053977272727273,
          "recall": 0.8146551724137931,
          "f1": 0.81
        },
        "hallucinated": {
          "precision": 0.34183673469387754,
          "recall": 0.3284313725490196,
          "f1": 0.335
        },
        "auroc": 0.5715432724814064,
        "classification_report": "              precision    recall  f1-score   support\n\n   Supported     0.8054    0.8147    0.8100       696\nHallucinated     0.3418    0.3284    0.3350       204\n\n    accuracy                         0.7044       900\n   macro avg     0.5736    0.5715    0.5725       900\nweighted avg     0.7003    0.7044    0.7023       900\n"
      },
      "runtime_seconds": 5.23362922668457
    },
    "Data2txt": {
      "metrics": {
        "supported": {
          "precision": 0.49382716049382713,
          "recall": 0.12461059190031153,
          "f1": 0.19900497512437812
        },
        "hallucinated": {
          "precision": 0.6568986568986569,
          "recall": 0.9291882556131261,
          "f1": 0.7696709585121603
        },
        "auroc": 0.5268994237567188,
        "classification_report": "              precision    recall  f1-score   support\n\n   Supported     0.4938    0.1246    0.1990       321\nHallucinated     0.6569    0.9292    0.7697       579\n\n    accuracy                         0.6422       900\n   macro avg     0.5754    0.5269    0.4843       900\nweighted avg     0.5987    0.6422    0.5661       900\n"
      },
      "runtime_seconds": 3.9618239402770996
    },
    "QA": {
      "metrics": {
        "supported": {
          "precision": 0.8734939759036144,
          "recall": 0.7837837837837838,
          "f1": 0.8262108262108262
        },
        "hallucinated": {
          "precision": 0.3220338983050847,
          "recall": 0.475,
          "f1": 0.3838383838383838
        },
        "auroc": 0.6293918918918919,
        "classification_report": "              precision    recall  f1-score   support\n\n   Supported     0.8735    0.7838    0.8262       740\nHallucinated     0.3220    0.4750    0.3838       160\n\n    accuracy                         0.7289       900\n   macro avg     0.5978    0.6294    0.6050       900\nweighted avg     0.7755    0.7289    0.7476       900\n"
      },
      "runtime_seconds": 2.8589563369750977
    },
    "whole_dataset": {
      "metrics": {
        "supported": {
          "precision": 0.8191856452726018,
          "recall": 0.6755833807626637,
          "f1": 0.7404865876481597
        },
        "hallucinated": {
          "precision": 0.5443645083932853,
          "recall": 0.7221633085896076,
          "f1": 0.6207839562443026
        },
        "auroc": 0.6988733446761357,
        "classification_report": "              precision    recall  f1-score   support\n\n   Supported     0.8192    0.6756    0.7405      1757\nHallucinated     0.5444    0.7222    0.6208       943\n\n    accuracy                         0.6919      2700\n   macro avg     0.6818    0.6989    0.6806      2700\nweighted avg     0.7232    0.6919    0.6987      2700\n"
      },
      "runtime_seconds": 12.940907955169678
    }
  },
  "total_runtime_seconds": 24.995317459106445
}