{
  "model": "embedding",
  "evaluation_type": "example_level",
  "task_metrics": {
    "Summary": {
      "metrics": {
        "supported": {
          "precision": 1.0,
          "recall": 0.0028735632183908046,
          "f1": 0.0057306590257879654
        },
        "hallucinated": {
          "precision": 0.22717149220489977,
          "recall": 1.0,
          "f1": 0.3702359346642468
        },
        "auroc": 0.5014367816091954,
        "classification_report": "              precision    recall  f1-score   support\n\n   Supported     1.0000    0.0029    0.0057       696\nHallucinated     0.2272    1.0000    0.3702       204\n\n    accuracy                         0.2289       900\n   macro avg     0.6136    0.5014    0.1880       900\nweighted avg     0.8248    0.2289    0.0884       900\n"
      },
      "runtime_seconds": 2.3927676677703857
    },
    "Data2txt": {
      "metrics": {
        "supported": {
          "precision": 0.0,
          "recall": 0.0,
          "f1": 0.0
        },
        "hallucinated": {
          "precision": 0.6433333333333333,
          "recall": 1.0,
          "f1": 0.7829614604462475
        },
        "auroc": 0.5,
        "classification_report": "              precision    recall  f1-score   support\n\n   Supported     0.0000    0.0000    0.0000       321\nHallucinated     0.6433    1.0000    0.7830       579\n\n    accuracy                         0.6433       900\n   macro avg     0.3217    0.5000    0.3915       900\nweighted avg     0.4139    0.6433    0.5037       900\n"
      },
      "runtime_seconds": 2.4621613025665283
    },
    "QA": {
      "metrics": {
        "supported": {
          "precision": 0.9056603773584906,
          "recall": 0.06486486486486487,
          "f1": 0.1210592686002522
        },
        "hallucinated": {
          "precision": 0.18299881936245574,
          "recall": 0.96875,
          "f1": 0.30784508440913605
        },
        "auroc": 0.5168074324324324,
        "classification_report": "              precision    recall  f1-score   support\n\n   Supported     0.9057    0.0649    0.1211       740\nHallucinated     0.1830    0.9688    0.3078       160\n\n    accuracy                         0.2256       900\n   macro avg     0.5443    0.5168    0.2145       900\nweighted avg     0.7772    0.2256    0.1543       900\n"
      },
      "runtime_seconds": 1.4899327754974365
    },
    "whole_dataset": {
      "metrics": {
        "supported": {
          "precision": 0.9090909090909091,
          "recall": 0.028457598178713718,
          "f1": 0.05518763796909492
        },
        "hallucinated": {
          "precision": 0.3546313799621928,
          "recall": 0.9946977730646872,
          "f1": 0.5228539576365663
        },
        "auroc": 0.5115776856217005,
        "classification_report": "              precision    recall  f1-score   support\n\n   Supported     0.9091    0.0285    0.0552      1757\nHallucinated     0.3546    0.9947    0.5229       943\n\n    accuracy                         0.3659      2700\n   macro avg     0.6319    0.5116    0.2890      2700\nweighted avg     0.7154    0.3659    0.2185      2700\n"
      },
      "runtime_seconds": 6.9333343505859375
    }
  },
  "total_runtime_seconds": 13.278196096420288
}